Judul Berita,Label
"
Prabowo-Gibran Jadi Presiden dan Wapres Terpilih, Pengusaha Ingatkan PR Ini
",Netral
"
Bakal Dibangun Pabrik Biomassa di Blora, Puluhan Ribu Petani Dilibatkan
",Positif
"
BRI Sukses Cetak Laba Rp 15,98 T di Triwulan I 2024, Ini Pemicunya
",Positif
"
Wisma Atlet Kemayoran Direnovasi, Pagar Rusak hingga Ditumbuhi Semak Belukar
",Negatif
"
Prabowo-Gibran Presiden & Wapres Terpilih, Erick: Kemenangan Seluruh Rakyat
",Positif
"
Lembaga di New York Jajaki Kerja Sama Kembangkan AI dan IoT di IKN
",Netral
"
Kehabisan Tiket Kereta Antar-Kota? Coba Pakai Cara Ini
",Netral
"
UMKM Sumbang 61 Persen PDB
",Positif
"
RI Dapat Dukungan dari AS soal Protes UU Anti-Deforestasi Uni Eropa
",Netral
"
Harga Emas Turun Lagi!
",Negatif
"
AS Kasih 2 Pilihan ke TikTok, Divestasi atau Dilarang!
",Negatif
"
Kamis Pagi Dolar AS Menguat 0,19% ke Rp 16.180
",Netral
"
IHSG Dibuka di Zona Merah
",Negatif
"
Rp 180 T Menguap Gara-gara 1 Juta Orang RI Berobat ke Luar Negeri
",Negatif
"
Progres Terkini Pembangunan Tugu Nol Kilometer di Kalsel
",Netral
"
Jokowi Ungkap Fakta Alkes-Bahan Baku Obat di RI Masih Impor
",Negatif
"
Boeing Kena 'Pukulan' Telak, Pendapatan Turun-Peringkat Utang Anjlok
",Negatif
"
Geliat Industri Penerbangan Maroko
",Positif
"
Bos BI Bilang Rupiah Bisa Menguat ke Rp 15.800/US$, Kapan?
",Positif
"
Investasi Pabrik Biomassa di Kabupaten Blora
",Netral
"
Luhut Bentuk Tim Khusus Kereta Cepat ke Surabaya, Prabowo Lanjutkan Proyeknya
",Netral
"
Proyek MRT Sampai ke Tangsel Masih Angan-angan
",Negatif
"
Harga Bawang Merah Tembus Rp 80.000/Kg, Mendag Buka-bukaan Biang Keroknya
",Negatif
"
Mendag Bakal Musnahkan 3,6 Juta Batang Baja Senilai Rp 257 Miliar
",Negatif
"
Ini Kapal Hisap Pasir Laut yang Disegel KKP di Perairan Lamongan
",Negatif
"
Ada Konflik Israel-Iran, Keponakan Luhut Sebut Batu Bara Malah Dapat Angin Segar
",Positif
"
Penampakan Fuel Card 5.0 yang Jadi Alat buat Beli Pertalite di Batam
",Netral
"
Prediksi Sri Mulyani Ekonomi RI Tetap Tumbuh 5% Meski Dunia Gonjang-ganjing
",Positif
"
1.030 Motor Electrum Sudah Wira-wiri di Jalanan, Niat IPO?
",Netral
"
Luhut Dapat Tugas Baru dari Jokowi: Ketua Dewan Sumber Daya Air
",Netral
"
Inovasi Teknologi dan Solusi untuk Lingkungan Hijau
",Netral
"
KKP Beberkan Alasan Berhentikan Operasional Kapal Keruk Pasir di Lamongan
",Negatif
"
Jadi Ketua Kelompok Pinjaman, Epi Bakal Jadi Agen Bank
",Netral
"
AHY Sebut 2.086 Hektare Lahan di IKN Belum Jelas, Ini Kata PUPR
",Netral
"
Mulai Juni 2024, Beli Gas Elpiji 3 Kg Harus Pakai KTP
",Negatif
"
Gerbang Tol Tomang Ditutup Sementara, Simak Pengalihan Rutenya
",Netral
"
Pemerintah Mau Lanjutkan Kereta Cepat ke Surabaya, KCIC Operatornya?
",Netral
"
BRI Ungkap 3 Fakta Video Viral Nasabah Kehilangan Uang Rp 400 Juta
",Negatif
"
Indonesia Perkuat Kerja Sama Ketenagakerjaan dengan Arab Saudi
",Netral
"
Kemenkop UKM Minta Warung Madura di Klungkung Bali Taati Aturan Tak Buka 24 Jam
",Negatif
"
Hasil Riset: Cegah PHK Massal, Perusahaan RI Kompak Setop Rekrut Pegawai!
",Negatif
"
TOBA Putuskan Tak Bagikan Dividen, Pilih Kembangkan Bisnis
",Negatif
"
Basuki Pastikan Sistem Bayar Tol Tanpa Stop Bisa Diterapkan di Era Jokowi
",Positif
"
BNI dan Telkomsel Kerja Sama Pelayanan buat Pegawai
",Netral
"
Akhir Pekan IHSG Masih Kebakaran
",Negatif
"
Menaker Harap Dokumen Program K3 Bisa Tingkatkan Keselamatan Kerja
",Netral
"
Ini Kabar Buruk yang Dibawa Sri Mulyani Usai dari AS
",Negatif
"
TOBA Gelar RUPST, Mantan Dirjen Pajak Diangkat Lagi Jadi Komisaris
",Netral
"
Pembangunan Kantor Presiden di IKN Sudah Tuntas 82%!
",Netral
"
Kemendagri Izinkan BKPM Akses Data Kependudukan untuk Keperluan Perizinan
",Netral
"
Pantas Stasiun Kereta Cepat Karawang Belum Dibuka, Ternyata karena Ini
",Negatif
"
Emiten Kapal Ini Tebar Dividen Rp 196 M
",Positif
"
Cara Buka SPBU Pertamina: Modal Investasi dan Syaratnya
",Netral
"
Kepala BP Batam Yakini Pertumbuhan Industri Tingkatkan Ekonomi Masyarakat
",Positif
"
Sri Mulyani Buka Suara soal Heboh Kasus Beli Sepatu Rp 10 Juta Kena Pajak Rp 31 Juta
",Negatif
"
Tips dari Bea Cukai Agar Beli Barang Impor Lewat Online Tak Kena Sanksi
",Netral
"
Berburu Emas Batangan di Bali Kini Makin Mudah
",Positif
"
Bakal Ada 3 Akses Baru ke Stasiun Kereta Cepat Karawang
",Netral
"
Geopolitik Global Lagi Panas, Ini Langkah PGN Amankan Kebutuhan Energi Industri
",Netral
"
13 Merek Lokal yang Mendunia, Sering Dikira Produk Asing
",Positif
"
Melihat Langsung Stasiun Kereta Cepat Karawang yang Dikelilingi Sawah
",Netral
"
Aksi Berbagi Maknai Hari Jadi
",Netral
"
Zulhas Sebut Baja Tak Sesuai SNI Bisa Bikin Bangunan-Jalanan Roboh
",Negatif
"
Kemenkeu Kantongi Rp 112 M dari Pajak Kripto Sejak Awal 2024
",Positif
"
Tanya Sabrina Aja untuk Cara Mudah Mencari AgenBRILink Terdekat
",Netral
"
Bandara Internasional RI Dipangkas Jadi 17, Ini Daftarnya
",Netral
"
Ini Alasan Bea Cukai Kenakan Denda hingga 1.000% Terhadap Importir Barang Kiriman
",Negatif
"
Melihat Pusat Penjualan Ikan Teri Medan
",Netral
"
10 Daftar Negara Pemberi Utang Luar Negeri 2024, Meningkat Tapi Masih Terkendali
",Netral
"
Basuki Ungkap Korea Selatan Mau Hibahkan Instalasi Air buat IKN!
",Positif
"
Raih TKDN, Komitmen LG Dukung Digital Display untuk Bisnis-Pendidikan
",Netral
"
Wow! Ada Lowongan Peluk Kucing 4 Jam Dibayar Rp 162 Juta
",Positif
"
Kapan Stasiun Kereta Cepat Karawang Bisa Layani Penumpang?
",Netral
"
Rumah Menteri di IKN Ditargetkan Selesai Dibangun Juli 2024!
",Netral
"
Zulhas Ungkap Ada 40 Perusahaan Produksi Baja Tak Sesuai Standar
",Negatif
"
BI Rate Naik, BRI Tetap Optimis Penyaluran Kredit Tumbuh Double Digit
",Positif
"
Zulhas Bakal Musnahkan 3,6 Juta Baja Tak Sesuai SNI Senilai Rp 257 M!
",Negatif
"
13,68 Juta Wajib Pajak Sudah Laporan SPT, Awas yang Belum Bisa Kena Denda!
",Negatif
"
Anggaran Bangun IKN Rp 39,6 T di 2024, Baru Terealisasi Rp 4,3 T
",Negatif
"
Pulang dari AS, Sri Mulyani Bawa Kabar Buruk!
",Negatif
"
Bos Bea Cukai Sebut Kasus Sepatu Rp 10 Juta Kena Pajak Rp 31 Juta Sudah Selesai
",Netral
"
Viral Beli Sepatu Rp 10 Juta Kena Pajak Rp 31 Juta, Ini Respons Bos Bea Cukai
",Negatif
"
Penampakan Mobil Rubicon Bekas Mario Dandy yang Tak Laku Dilelang
",Negatif
"
Kartu Debit Nirsentuh Bank Muamalat untuk Jemaah Haji
",Netral
"
Mobil Rubicon Bekas Mario Dandy Dilelang Ulang Pekan Depan, Harga Turun!
",Negatif
"
Kena Deh! KKP Tangkap Kapal Malaysia yang Curi Ikan di Selat Malaka
",Negatif
"
Sri Mulyani Sebut Ekonomi Global Bakal Stagnan Tahun Ini
",Negatif
"
AHY Pastikan Pembebasan Lahan di IKN Tak Asal Gusur
",Netral
"
Pemerintah Sudah Tarik Utang Rp 104 T hingga Maret 2024
",Negatif
"
Rubicon Mario Dandy Nggak Laku Dilelang, Diduga Gegara Mahal-Viral
",Negatif
"
Sri Mulyani Lapor Penerimaan Cukai RI Anjlok, Gegara Tembakau hingga Perang
",Negatif
"
Potret Mengenalkan Literasi Keuangan Sejak Dini
",Netral
"
RI-Vietnam Bakal Sepakati Perjanjian Ketahanan Pangan
",Netral
"
Jokowi Bakal Ketemu PM Singapura Senin Depan, Mau Bahas Investasi IKN
",Netral
"
BI Ramal KPR dan Kredit Motor-Mobil Masih Kencang
",Positif
"
Mobil Rubicon Bekas Mario Dandy Nggak Laku Dilelang!
",Negatif
"
Pemerintah Sudah Habiskan Rp 43 T buat Bagi-bagi Bansos dalam 3 Bulan
",Negatif
"
Pemilu 2024 Selesai, Anggarannya Masih Sisa Rp 12,3 T
",Positif
"
Perusahaan Induk Google Umumkan Bagi-bagi Dividen
",Positif
"
Sri Mulyani Lapor Ada Dana Pemda Ngendap di Bank Rp 180,9 T
",Negatif
"
Penerimaan Pajak Tembus Rp 393 T hingga Maret, Setoran Migas Masih Loyo
",Positif
"
Dilarang Buka 24 Jam, Anggota DPR: Warung Madura Gerakkan Ekonomi Rakyat
",Netral
"
Rupiah Keok Lawan Dolar AS, Sri Mulyani: Ada yang Lebih Parah
",Negatif
"
Konflik Israel-Iran Bikin Dunia Waswas, Sri Mulyani Ingatkan RI Bisa Kena Imbas
",Negatif
"
Bank Jago Cetak Laba Rp 22 M di Awal Tahun
",Positif
"
Sri Mulyani Sudah Habiskan Rp 70,7 T buat Bayar Gaji-THR PNS
",Netral
"
The Fed Diprediksi Tahan Suku Bunga, Arus Modal Rp 29,63 T Cabut dari RI
",Negatif
"
Gaji Mark Zuckerberg Sebagai CEO Meta Cuma Rp 16.200, tapi...
",Netral
"
Setoran Negara Seret, APBN Masih Surplus Rp 8,1 T
",Negatif
"
Canggih, Petani Indramayu Semprotkan Pertisida Pakai Drone
",Netral
"
Siap-siap! Biaya Layanan Merchant Tokopedia Naik Per 1 Mei 2024 Jadi Segini
",Negatif
"
Jumat Pagi Dolar AS Menguat 0,33% ke Rp 16.185
",Negatif
"
ByteDance Ogah Jual TikTok ke AS, Pilih Tutup Aplikasi!
",Negatif
"
Akhir Pekan, IHSG Masih Betah di Zona Merah
",Negatif
"
Pertumbuhan Ekonomi AS Turun Tajam Jadi 1,6%
",Negatif
"
Program Makan Siang Prabowo-Gibran Butuh Beras 6,7 Juta Ton/Tahun
",Netral
"
Pengumuman! Harga Bawang Merah Turun Seminggu Lagi
",Negatif
"
Meretas 'Sumur Cuan' Indonesia untuk Penyimpanan Karbon
",Netral
"
Wisma Atlet Kemayoran yang Terbengkalai Mau Direnovasi
",Netral
"
Program Unggulan Prabowo-Gibran Masuk APBN 2025, Jokowi Beri Wejangan
",Positif
"
Bisnis Kura Kura Darat yang Bikin Dompet Gemuk
",Positif
"
Siuuu! Hari Ini Kemenkeu Lelang Rubicon Mario Dandy Rp 809 Juta
",Negatif
"
Tepatkah Bea Cukai Tagih Ratusan Juta Alat Belajar SLB Hasil Hibah?
",Negatif
"
Lagi Cari Tangga? Langsung ke Transmart Full Day Sale, Diskon Rp 700 Ribu
",Positif
"
Beli Sepeda di Transmart Full Day Sale Harganya Nggak Bikin Dompet Tipis
",Positif
"
Pihak SLB Ungkap Kronologi Alat Belajar Hibah Ditagih Ratusan Juta oleh Bea Cukai
",Negatif
"
Beli Sofa Empuk di Transmart Full Day Sale Diskon Rp 2 Juta
",Positif
"
Aneka Rak Harga Miring Mulai dari Rp 200 Ribuan di Transmart Full Day Sale
",Positif
"
Pihak SLB yang Alat Belajarnya Ditagih Ratusan Juta oleh Bea Cukai Buka Suara
",Negatif
"
Influencer Keluhkan Mainan buat Review Tertahan, Bea Cukai Beri Penjelasan
",Negatif
"
Beli Kulkas di Transmart Full Day Sale Diskon Rp 3 Juta
",Positif
"
Harga Bawang Merah Mulai Turun di Palu
",Positif
"
AC Split 1/2 PK + Pipa & Instalasi Rp 2,7 Juta Cuma di Transmart Full Day Sale
",Positif
"
Tingkatkan AI, BRI Gaet Microsoft agar Layanan Semakin Canggih
",Positif
"
Akar Masalah Alat Belajar SLB Ditagih Ratusan Juta Versi Bea Cukai
",Negatif
"
Pemerintah AS Periksa Rempah Asal India, Ada Masalah Apa?
",Negatif
"
Cuma Transmart Full Day Sale! Smart TV 65 Inch Rp 11 Juta, Diskon Jadi Rp 7 Juta
",Positif
"
Pembangkit Listriknya Dihancurkan Rusia, Ukraina Jadi Sering Mati Lampu
",Negatif
"
Setop Wira-wiri Cari Sepeda Listrik! Ke Transmart Full Day Sale Aja, Banjir Diskon
",Positif
"
Bea Cukai Cek Kronologi Alat SLB Bantuan Korea yang Viral Ditagih Ratusan Juta
",Negatif
"
Gasss Terus! Transmart Full Day Sale Hadir Lagi Besok, Diskon Melimpah
",Positif
"
InDrive Rayakan Hari Kartini
",Netral
"
AHY Bagi-bagi Sertifikat Tanah di Kendari
",Netral
"
Bagi-bagi Sertifikat, AHY Ajak Masyarakat Lawan Mafia Tanah
",Netral
"
Luhut Buka-bukaan Rencana RI Buka Jalur Ekspor Ekspres ke China
",Positif
"
Orang Tua Diminta Tak Jadikan Anak Investasi buat Hari Tua
",Negatif
"
Viral Alat Belajar SLB Bantuan Korea Ditagih Ratusan Juta, Ini Respons Bea Cukai
",Negatif
"
Belanja Kebutuhan Rumah Makin Nyaman dan Menyenangkan
",Positif
"
Mau Buka Indomaret Sendiri? Siapkan Duit Segini!
",Netral
"
AS Bikin Pesawat Tempur 'Anti Kiamat', Harganya Lebih dari Rp 211 T
",Negatif
"
Jumlah Bandara Internasional RI Dikurangi Jadi 17, Ini Alasannya
",Netral
"
BLT Mitigasi Risiko Pangan Tak Kunjung Cair, Ini Dalih Airlangga
",Negatif
"
Kemenkop UKM Pastikan Tak Ada Larangan Warung Madura Buka 24 Jam
",Netral
"
Pertama Kali dalam Sejarah, Induk Google Bagi-bagi Dividen
",Positif
"
Begini Kondisi APBN yang Menurut Sri Mulyani Seperti Timnas U-23
",Netral
"
Tiket MotoGP Mandalika Diskon 50%, Harganya Jadi Segini
",Positif
"
Daftar Terbaru Bandara Internasional di RI, Jateng Kini Tak Punya
",Negatif
"
Ingin Menjadi Teller Bank? Ini Syarat, Tanggung Jawab, dan Gajinya
",Netral
"
Penasaran Cara Isi Bahan Bakar Kereta? Ternyata Begini Prosesnya
",Netral
"
Wajib Tahu! Begini Cara Berobat Gigi Pakai BPJS Kesehatan
",Netral
"
Sri Mulyani Bicara Kualitas Guru RI: Ini Tantangan Besar Kita
",Netral
"
Awas! Ini Terjadi Jika Peserta Tak Bayar Denda BPJS Kesehatan
",Negatif
"
Sanksi Buat Rusia Bikin Bank Terbesar AS Ini Malah Kena Getahnya
",Negatif
"
Mata Uang Dubai (Dirham Uni Emirat Arab), serta Tips Saat Menukar Uang Asing
",Netral
"
Viral Kasus Sepatu Kena Pajak Rp 31 Juta, Ini Tips Hindari Denda Impor Bea Cukai
",Negatif
"
Sri Mulyani Sebut Kondisi APBN Seperti Timnas U-23
",Netral
"
Tol Trans Sumatera 'Disuntik' Rp 18 T, Intip Progres Terkininya
",Netral
"
Jelang Masa Jabatan Jokowi Berakhir, 28 Bendungan Dibangun!
",Positif
"
Bisakah RI Ulang Cara Habibie Pulihkan Rupiah hingga ke Rp 6.500/US$?
",Netral
"
Dahsyat! Harga Emas Hari Ini Naik, Cek Rinciannya di Sini
",Positif
"
Upaya Petani Indramayu Dukung Pemerintah Stabilkan Harga Bawang Merah
",Netral
"
Melihat Stok Beras di Gudang Bulog Bengkulu
",Netral
"
Pembangunan IKN Dikebut buat Upacara 17 Agustus, Begini Progresnya
",Netral
"
Pria Ini 'Sulap' Limbah Jadi Paving Block cs, Omzetnya Ratusan Juta!
",Positif
"
Sri Mulyani Wanti-wanti Dampak Buruk Konflik Iran Vs Israel
",Negatif
"
BRI Hadirkan Promo Spesial Diskon 25% hingga Beli 1 Gratis 1 di Janji Jiwa
",Positif
"
3,6 Juta Batang Baja Senilai Rp 257 Miliar Bakal Dimusnahkan!
",Negatif
"
Potret Stasiun Kereta Cepat Karawang yang Belum Dibuka
",Netral
"
Kata Sri Mulyani & Bos Bea Cukai soal Viral Sepatu Rp 10 Juta Kena Pajak Rp 31 Juta
",Negatif
"
Terkuak Penyebab Stasiun Kereta Cepat Karawang Tak Kunjung Dibuka
",Negatif
"
Bawa Kabar Buruk Usai dari AS, Sri Mulyani Ungkap Beban Utang Negara Berkembang
",Negatif
"
Importir Jangan Main-main! Ada Denda hingga 1.000% Jika Lakukan Ini
",Negatif
"
Nggak Laku, Rubicon Eks Mario Dandy Dilelang Ulang Lebih Murah
",Negatif
"
Anak BUMN Ikut Geber Bisnis Startup, Begini Caranya
",Netral
"
Viral Konsumen Pakai Jeriken Salip Antrean Beli BBM, Pertamina Ungkap Faktanya
",Negatif
"
Batam Punya Kartu Khusus buat Beli Pertalite, Begini Cara Kerjanya
",Netral
"
Pengusaha Ungkap 3 Keuntungan Bandara Internasional Dipangkas
",Negatif
"
Murah Meriah, Pengunjung Serbu Area Sepatu-Sandal di Transmart Cempaka Putih
",Positif
"
AP II Sebut Penetapan 17 Bandara Internasional Makin Perkuat Konektivitas
",Positif
"
Sri Mulyani Bicara Tugas Bea Cukai: Ganggu Kenyamanan Masyarakat Demi Jaga Ekonomi
",Negatif
"
Pria Ini Senang Borong AC di Transmart Full Day Sale, Hemat Rp 3 Jutaan
",Positif
"
Batam Punya Kartu Khusus buat Beli Pertalite, Daerah Lain Bagaimana?
",Netral
"
Potensi Jumbo Perikanan RI Bakal Terungkap di Acara Ini, Jangan Kelewatan!
",Positif
"
Beli Tangga Multifungsi di Transmart Full Day Sale Hemat Rp 700 Ribuan
",Netral
"
Serbu! Kaos Pria di Transmart Full Day Sale Mulai Rp 80 Ribuan Aja
",Netral
"
Diskon Besar Perabotan Rumah di Transmart Full Day Sale
",Positif
"
Ada Kartu Khusus buat Beli Pertalite, Pertamina Buka Suara
",Netral
"
Wow! Beli Sofa di Transmart Full Day Sale Bisa Hemat Rp 2 Jutaan
",Positif
"
Tetap Operasi Usai Gempa Garut, Begini Kekuatan Infrastruktur Whoosh
",Netral
"
Asyik! Beli Kulkas 2 Pintu di Transmart Full Day Sale Dapat Potongan Rp 3,4 Jutaan
",Positif
"
Perjalanan KRL Lintas Bogor Sempat Terganggu Imbas Gempa Garut
",Negatif
"
Ada Transmart Full Day Sale, Pengunjung Serbu Transmart Cempaka Putih
",Positif
"
Dorong UMKM Tumbuh, Waka Komisi XI: Pemda Harus Giat Gandeng Investor
",Positif
"
Beli Daging Ayam Broiler di Transmart Full Day Sale Mulai Rp 27 Ribuan
",Netral
"
Viral Sepatu Rp 10 Juta Kena Pajak Rp 31 Juta, Sri Mulyani: Denda Dibayar DHL
",Negatif
"
Sri Mulyani Minta Bea Cukai Berbenah Usai Banyak Kasus Viral!
",Negatif
"
Progres Proyek LRT Manggarai Tembus 10%, Kelar 2026
",Netral
"
Sri Mulyani Rela Malam Minggu Rapat di Bea Cukai Gegara Banyak Kasus Viral!
",Negatif
"
AC Diskon Gede-gedean Transmart Full Day Sale, Hemat Rp 1,3 Jutaan
",Positif
"
Akhirnya! Alat Belajar SLB yang Tertahan Bea Cukai Bakal Bebas Bea Masuk
",Positif
"
Sri Mulyani Jelaskan Duduk Perkara Alat Belajar SLB Ditagih Bea Cukai Ratusan Juta
",Negatif
"
Kisah Pemilik Ayam Bakar Madu Hijrah, dari Posisi Top Manajemen Jadi Pengusaha
",Netral
"
Tips Dagang Ala Ayam Bakar Madu Hijrah, Ada 'Sedekah Langit'
",Negatif
"
Merapat! Cuma di Transmart Full Day Sale Piring-Gelas Cantik Rp 15 Ribuan
",Positif
"
Kemenkop UKM Pastikan Tak Ada Larangan Warung Madura Operasi 24 Jam
",Netral
"
Diskon Gede-gedean! Beli TV LED di Transmart Full Day Sale Hemat Rp 4 Jutaan
",Positif
"
Integrasi TikTok Shop-Tokopedia Rampung, Kominfo: Tujuannya Lindungi UMKM
",Netral
"
Stasiun Karawang Masih Minim Akses, KCIC Mau Bikin Ini
",Netral
"
Murah Banget! Anggur Red Globe di Transmart Full Day Sale Mulai dari Rp 6 Ribuan
",Positif
"
5 Perjalanan Kereta Sempat Disetop Sementara Imbas Gempa di Garut
",Negatif
"
Gelombang PHK Terpa Karyawan Smelter Timah di Babel
",Negatif
"
Ibu-ibu Merapat! Beli Popok Bayi di Transmart Full Day Sale Hemat Rp 66 Ribuan
",Positif
"
Mainan Influencer yang Sempat Tertahan Rusak, Ini Kata Bea Cukai
",Negatif
"
Hasilkan 216.148 Ton Bawang Merah, Solok Pasok 10,9% Produksi Nasional
",Positif
"
Wow! Beli Sepatu-Sandal di Transmart Full Day Sale Cuma Rp 170 Ribuan
",Positif
"
Sosok Hendry Lie, Pendiri Sriwijaya Air yang Tersangkut Kasus Korupsi Timah
",Negatif
"
Murah Bener! Cuma di Transmart Full Day Sale Sepeda Listrik Rp 3 Jutaan
",Positif
"
Melihat Budi Daya Karang dengan Aquarium Air Asin
",Netral
"
Banyak Kasus Viral Tentang Pelayanan Bea Cukai, Sri Mulyani Rapat Malam-malam
",Negatif
"
Andil Besar Bojonegoro Stabilkan Harga Bawang Merah di Jatim
",Positif
"
Di Hannover Messe, RI Buka Peluang Kolaborasi Kembangkan SDM Bareng IFM
",Netral
"
Rincian 28 Proyek Bendungan di Akhir Masa Jabatan Jokowi
",Netral
"
PLN Akan Tambah Lima SPKLU di Maluku dan Maluku Utara
",Netral
"
Penjelasan Bea Cukai Vs Respons SLB yang Alat Belajarnya Ditagih Ratusan Juta
",Negatif
"
Kerap Bikin Uang Melayang, Ini 5 Modus Penipuan Soceng di Indonesia
",Negatif
"
3 Keluhan Netizen yang Viral dan Akhirnya Dijawab Bea Cukai
",Netral
"
Diskon Melimpah 50% + 20% di Transmart Full Day Sale Hari Ini, Yuk Serbu!
",Positif
"
Melihat Budi Daya Ayam Petelur di Aceh
",Netral.
"
Cara Kerja di Jepang Lewat Program Pekerja Berketerampilan Spesifik
",Netral
"
Rusia Balas Dendam ke AS, Bank Raksasa Kena Getahnya
",Negatif
"
Wow! Suvenir Wayang Ini Dibuat dari Kulit Jagung
",Netral
"
Eks Karyawan Banting Setir 'Sulap' Kaleng Cat Jadi Bangku, Raup Puluhan Juta
",Positif
"
OJK Cabut Sanksi Pembatasan Kegiatan Usaha Pialang Asuransi Ini
",Positif
"
Pembangunan MRT Jakarta Fase 2 Terus Dikebut
",Positif
"
Penjualan Jersei Timnas Indonesia Meningkat Tajam
",Positif
"
Momen Bea Cukai Serahkan Alat Belajar SLB yang Viral Ditagih Ratusan Juta
",Negatif
"
Begini Strategi BRI Agar 40 Juta Nasabah Pakai BRImo Tahun Ini
",Netral
"
Harga Rumput Laut Turun, Ini Biang Keroknya
",Negatif
"
Bertemu Menkeu Uzbekistan, Sri Mulyani Bilang Tim Garuda Indonesia Akan Menang!
",Positif
"
Kolaborasi RI-Vietnam Bisa Gairahkan Budidaya Lobster di Tanah Air
",Positif
"
Makin Efisien, GoTo Pangkas Penggunaan Kas Operasi hingga 96% di Q1-2024
",Positif
"
Bea Cukai Klarifikasi soal Mainan Influencer yang Sempat Tertahan-Rusak
",Netral
"
Rugi Bersih GoTo Q1-2024 Dipangkas hingga 78%
",Positif
"
GoTo Lepas Bisnis Pengiriman Tokopedia, GoSend Tak Kena Pengaruh
",Netral
"
KKP Ungkap Alasan Negara Harus Hadir Kembangkan Budi Daya Akuakultur RI
",Netral
"
BNI Cetak Laba Rp 5,3 T di Kuartal I-2024
",Positif
"
BNI Cetak Laba Rp 5,3 T di Kuartal I-2024, Naik 2%
",Positif
"
Kinerja Bongkar Muat Peti Kemas Pelabuhan Batam Triwulan I 2024 Naik 8%
",Positif
"
GoTo Cetak Rugi Bersih Rp 862 M Kuartal I 2024
",Negatif
"
Banyak Pengusaha yang Kepincut, Trenggono: Pasir Laut Belum Ada yang Diekspor!
",Netral
"
Potret Bos Bea Cukai Kunjungi Gudang DHL Usai Viral Barang Tertahan
",Negatif
"
Timur Tengah Memanas, Bahlil Dorong RI Akuisisi Pabrik Pupuk di Luar Negeri
",Netral
"
Geber Hilirisasi Rumput Laut, Kantor Luhut Mau Luncurkan Pusat Riset Internasional
",Positif
"
Seusai Diprotes Netizen, Bea Cukai Serahkan Alat Belajar Hibahan ke SLB
",Netral
"
Pengusaha Ungkap Potensi Besar Budidaya Lobster di RI
",Positif
"
Menteri KP Sebut Bank Enggan Biayai Sektor Perikanan RI, Apa Penyebabnya?
",Negatif
"
Menghitung Hari Smelter Freeport di Gresik Rampung, Ini Bocoran dari Bahlil
",Positif
"
Buruh Harap Prabowo-Gibran Cabut Omnibus Law, Singgung Upah Murah-Outsourcing
",Negatif
"
Stafsus Sri Mulyani Sebut Bea Cukai Bukan Keranjang Sampah!
",Negatif
"
Hati-hati! Ajak Orang Tarik Uang Massal di Bank Bisa Dipidana-Denda Rp 1 M
",Negatif
"
RI Punya Harta Karun 'Emas' Hijau, Ini Sederet Potensinya
",Positif
"
Terkuak Alasan Kontrak Freeport Perlu Diperpanjang hingga 2061
",Netral
"
Tokoh-tokoh Kompeten Paparkan Materi Perikanan dan Kelautan di IABF 2024
",Netral
"
Ormas Keagamaan Dapat Lampu Hijau Kelola Tambang, Ini Penjelasan Bahlil
",Netral
"
Trenggono Ungkap Lima Perusahaan Vietnam Kepincut Investasi Lobster di RI
",Positif
"
Bos BUMN Pangan Sebut Pelaku Usaha RI Mampu Budidaya Lobster
",Netral
"
Momen Menteri KKP Ajak Masyarakat Bisnis di Bidang Aquaculture
",Netral
"
Nggak Laku Sampai Busuk, Pedagang Pepaya Kramat Jati Rugi Ratusan Juta!
",Negatif
"
Siapa Pemilik Mall PGC? Ini Lho Orangnya
",Netral
"
Influencer Ungkap Kemasan Mainan yang Tertahan Rusak, Ini Jawaban Bos Bea Cukai & DHL
",Negatif
"
Tugu Insurance Bukukan Laba Konsolidasi Rp1,3 T di 2023
",Positif
"
50.000 Buruh Gelar Aksi di Patung Kuda 1 Mei, Minta Omnibus Law Dicabut!
",Negatif
"
Siasat Pedagang biar Nggak Banyak Buang Pepaya Busuk
",Netral
"
Apakah Saldo Hangus Saat Kartu E-Money Expired?
",Negatif
"
Bocoran Rencana Investasi Djarum hingga Sukanto Tanoto di IKN
",Netral
"
Bahlil Buka Suara Usai Ditunjuk Jokowi Pimpin Satgas Gula dan Bioetanol
",Netral
"
Kebijakan Uji Coba Penangkapan Ikan Terukur Terlaksana Mulai Hari Ini!
",Netral
"
Menjajal Fitur Baru dari BRImo yang Bisa Nabung, Investasi hingga Donasi
",Netral
"
Pramugari Pensiun Bakal Jadi Apa? Ini Kata Lion Group
",Netral
"
Kemenhub Geber Konektivitas Daerah Timur Indonesia Lewat Transportasi Laut
",Positif
"
Kisah Eks Karyawan BUMN Banting Setir Jualan Mi Ayam, Kini Punya 2 Cabang
",Positif
"
KKP Usulkan Harga Benur Terendah di Angka Rp 8.500/Ekor buat Vietnam!
",Negatif
"
Trenggono Blak-blakan Diprotes Banyak Nelayan Gegara Hal Ini!
",Negatif
"
Urusan Perpanjang Kontrak Hampir Beres, Freeport Bakal Nambang hingga 2061
",Positif
"
Daftar 10 Negara Paling Banyak Investasi di Indonesia
",Netral
"
Bos STP Beberkan 4 Jurus Budi Daya Perikanan Berkelanjutan
",Netral
"
Bahlil Blak-blakan Belum Ada Permintaan Investasi Apple di RI!
",Negatif
"
Pihak SLB yang Alat Belajarnya Sempat Ditagih Bea Cukai Ratusan Juta Minta Maaf
",Negatif
"
Dorong Sistem Perikanan RI, KKP Teken MoU dengan BRIN dan Barantin
",Netral
"
Soal Rencana Impor Listrik dari RI, PM Singapura: Ada Kemajuan yang Baik
",Positif
"
Awas! Ini Bahaya Ngeri Jika Nasabah Tarik Uang Massal di Bank
",Negatif
"
PM Singapura Usul ke Jokowi RI Kembangkan Kredit Karbon
",Netral
"
Jokowi Mau Bentuk Tim Percepatan Investasi IKN, Diumumkan Bulan Depan
",Positif
"
Bank Jatim Cetak Laba Rp 310 Miliar di Kuartal I 2024
",Positif
"
Respons Trenggono Saat Ditanya Bakal Jadi Menteri BUMN
",Netral
"
Kata Bos Bea Cukai Alat Belajar SLB Ditagih Ratusan Juta karena Miskomunikasi
",Negatif
"
Emak-emak Serbu Sembako Murah Saat Harga Bawang Merah Naik Tinggi
",Negatif
"
Jokowi Apresiasi Antusiasme 29 Perusahaan Singapura Investasi di IKN
",Positif
"
Literasi Investasi di Pasar Emas dan Olein
",Netral
"
Ternyata Ini Penyebab Banyak Pepaya Busuk Berserakan di Pasar Kramat Jati
",Netral
"
Izin Tambang buat Vale Terbit!
",Positif
"
Pengusaha Buka-bukaan Kondisi Bisnis Migas RI
",Netral
"
Benarkah Simpan Uang di Bank Bisa Tiba-tiba Hilang?
",Negatif
"
Anak Buah Luhut Bicara soal 'Harta Karun' Maritim Bisa Bikin RI Jadi Negara Maju
",Positif
"
Produk Perikanan RI Diekspor ke Lima Negara, Paling Banyak ke AS Rp 7,5 T!
",Positif
"
29 Perusahaan Singapura Antre Investasi ke IKN, Jokowi Minta Bikin PLTS
",Positif
"
Pakde Saliman Pelopor Agen BRILink Cinere, Persis di Depan Bank BRI
",Netral
"
Bahlil Siapkan Lahan buat Miliarder Sukanto Tanoto di IKN
",Negatif
"
Impor Elektronik Diperketat, Apa Saja Dampaknya?
",Negatif
"
Banyak Kasus Viral, Bos Bea Cukai Tunjukkan Alur Barang Kiriman di Gudang DHL
",Netral
"
Mau Geber Budidaya Lobster, Menteri KP Ikut Cara Vietnam & Undang Investasi
",Positif
"
Bakal Ada Pameran Franchise di Kemayoran, Catat Waktunya
",**Netral**
"
Siapkan CV! Yuk ke 'Lebaran' Migas, Siapa Tahu Hoki
",Positif
"
Viral Barang Tertahan-Ditagih Ratusan Juta, Bos Bea Cukai Sambangi Gudang DHL
",Negatif
"
BSI dan Kemenag Gelar Senam Haji Indonesia
",Netral
"
Ascott Indonesia Sukses Gelar 'Deal With Ascott 2024'
",Positif
"
Para CEO Bakal Ramaikan 'Lebaran' Migas, Ini Bocorannya
",Positif
"
Trenggono Blak-blakan Cara Tutup Ekspor Benur Ilegal!
",Negatif
"
Tawaran Investasi Jokowi ke PM Singapura: Manufaktur Tekstil-Industri Halal
",Netral
"
Foxconn Tak Kunjung Groundbreaking di RI, Bahlil Akui Jadi PR Terbesar!
",Negatif
"
Akhirnya! Bea Cukai Serahkan Alat Belajar SLB yang Viral Ditagih Ratusan Juta
",Positif
"
Trenggono Punya 5 Cara Ini buat Perangi Eksploitasi Laut RI
",Netral
"
Bahlil Blak-blakan Beratnya Ajak Foxconn Investasi di RI
",Netral
"
Cara Beli Sukuk Tabungan ST012, Kuponnya 6,40%
",Positif
"
Menteri KP Buka-bukaan soal Alasan Kerja Sama Budidaya Lobster dengan Vietnam
",Netral
"
Singapura Nomor 1 Investasi di RI, Ternyata dari Sini Sumber Duitnya
",Netral
"
BRI Life Berikan Bantuan Sentra Pengelola Rumput Laut di Bali
",Positif
"
Cerita Menteri Kelautan dan Perikanan Diledek Sri Mulyani di Awal Masa Jabatan
",Negatif
"
Trenggono Tegaskan Pentingnya Kolaborasi untuk Akselerasi Perikanan RI
",Netral
"
Jokowi Bahas Rencana Ekspor Listrik RI dengan PM Singapura
",Netral
"
KKP Targetkan 5 Komoditas Perikanan RI Unggul di Pasar Global
",Positif
"
Trenggono Ajak Asing Investasi Perikanan di RI: Pemerintah Permudah Izin
",Positif
"
Siasat Pertamina Jaga Kedaulatan Energi RI Lewat Kilang
",Positif
"
Investasi 3 Bulan Pertama 2024 Tembus Rp 401 Triliun!
",Positif
"
IABF 2024, Menteri KP Ungkap 5 Strategi Wujudkan Ekonomi Biru Indonesia
",Positif
"
Trenggono Target Produksi Ikan-Rumput Laut Tahun Ini 30,85 Juta Ton
",Positif
"
Fenomena Pepaya Busuk Berserakan di Pasar Induk Kramat Jati, Ada Apa?
",Negatif
"
KKP Teken MoU dengan BRIN-Barantin buat Dorong Ekosistem Perikanan RI
",Positif
"
Susul Bos Apple, Bos Microsoft Temui Jokowi di Istana Besok
",Netral
"
Ramai Keluhan Masyarakat ke Bea Cukai, Segini Gaji Pegawainya
",Negatif
"
Aquaculture Busines Forum 2024, KKP Genjot Kerja Sama di Sektor Perikanan
",Positif
"
Dubai Bangun Bandara Terbesar Dunia, Biayanya Rp 566 T
",Negatif
"
Sudah Tau Belum Gimana BBM Diproduksi? Ini Penjelasan Bos Kilang Pertamina
",Netral
"
Jarang Orang Tahu, Kilang Pertamina Mampu Sulap Minyak Jadi Biji Plastik!
",Netral
"
Siap-siap, Program Desa BRILiaN 2024 Batch 1 Kembali Dibuka
",Positif
"
Kisah Arny Kantongi Rp 40 Juta/Bulan Gegara Tak Sengaja Jual Bakso, Kok Bisa?
",Positif
"
Menghitung Hari Kilang Raksasa Pertamina di Balikpapan Jadi yang Terbesar di RI!
",Positif
"
Awal Pekan IHSG Ada di Zona Hijau
",Positif
"
Menjelajahi Kilang Minyak Terbesar di Indonesia
",Netral
"
Awal Pekan Dolar AS Menguat 0,15% di Rp 16.220
",Netral
"
Diam-diam Elon Musk Terbang ke Beijing Temui PM China, Bahas Apa?
",Netral
"
TikTok Bantah Bakal Jual Aplikasinya di AS: Tidak Benar!
",Netral
"
Siap-siap! 'Lebarannya' Sektor Migas Digelar di BSD 14-16 Mei 2024
",Positif
"
Pengusaha Nasional Siapkan Bonus Rp 23 M untuk Timnas U-23
",Positif
"
Jangan Lupa ke Transmart! Ada Diskon 20% untuk Aneka Produk Segar
",Positif
"
Kilang Pertamina Internasional Sabet 14 Penghargaan di Vietnam
",Positif
"
KCIC Buka-bukaan Alasan Stasiun Kereta Cepat Karawang Tak Kunjung Dibuka
",Netral
"
Saksikan Sekarang Indonesia Aquaculture Business Forum Hanya di detikcom!
",Netral
"
Sri Mulyani soal Tugas Bea Cukai: Kadang Ganggu Kenyamanan Masyarakat
",Negatif
"
Gebrakan Pertamina Jaga Kedaulatan Energi Lewat Kilang Minyak
",Positif
"
Akhir Kisah 3 Kasus Viral Bea Cukai Usai Sri Mulyani Turun Gunung
",Negatif
"
Rangkaian Kasus Viral Mencuat, Sri Mulyani Minta Bea Cukai Berbenah
",Negatif
"
Penjelasan Lengkap Pertamina soal Kartu Khusus buat Beli Pertalite
",Netral
"
Cerita Penerus Generasi ke-4 Bisnis Jamu Gendong di Jakarta
",Netral
"
Kisah Lasmi, Usaha Jamu Gendong hingga Raup Omzet Puluhan Juta
",Positif
"
Pernah Lihat Kopi dan Teh Jadi Pewarna Batik?
",Netral
"
5 Tuntutan Buruh yang Gelar Demo Besar-besaran di Jakarta 1 Mei
",Negatif
"
Mengenal Komunitas Starling yang Digandeng BRI Tanah Abang
",Netral
"
IBC Gandeng PTPN-INKA Geber Penggunaan Baterai & Motor Listrik
",Positif
"
RI-Arab Saudi Sepakati Rute Baru Penerbangan, Ini Daftarnya
",Netral
"
Di PEVS 2024, PLN Pamerkan Kesiapan Ekosistem EV di Indonesia
",Netral
"
Pengusaha Kawal Ketat Janji Prabowo-Gibran Bikin Badan Sawit
",Netral
"
2024 BRI Tanah Abang Targetkan 2.744 Agen BRILink, Begini Strateginya
",Positif
"
Pengusaha Sawit Minta Pemerintah Bikin Aturan Seperti Ini
",Netral
"
Mencoba Pengalaman Belanja Penuh Inspirasi untuk Hunian
",Netral
"
Tak Lapor SPT, Pengusaha Ini Dipenjara & Denda Rp 935 Juta
",Negatif
"
Melihat Fasilitas Energi di Kawasan Industri Krakatau
",Netral
"
Sertifikat Tanah Boleh Disekolahkan, Jokowi: 100% untuk Modal Usaha
",Positif
"
BTN Imbau Masyarakat Tidak Tergiur Iming-iming Bunga Tinggi
",Negatif
"
Melihat Progres Pembangunan Waduk Marunda
",Netral
"
RI Bakal Ekspor Listrik ke Singapura 2 GW
",Positif
"
Pelindo-PBM Kerja Sama Kelola Sebagian Terminal Peti Kemas Tanjung Priok
",Netral
"
Bank Mandiri Klaim Masih Kuat Jika Dolar AS Tembus Rp 17.000
",Positif
"
Sahamnya Merosot Sejak Awal 2024, Bos Astra Ungkap Penyebabnya
",Negatif
"
Teten Ngaku Sudah Tegur Pejabat yang Sebut Warung Madura Tak Boleh Buka 24 Jam
",Netral
"
Momen Akrab Luhut Bareng Bos Microsoft
",Netral
"
Jokowi Ungkap Laporan AHY: Di Sana-sini Urus Mafia Tanah
",Negatif
"
Kuartal I-2024, BSI Cetak Laba Impresif Rp 1,71 Triliun
",Positif
"
Menkop UKM Bakal Evaluasi Semua Peraturan Daerah Agar Pro UMKM: Arahan Presiden
",Positif
"
Investasi di RI Tokcer! Luhut Janji Microsoft Tak Akan Menyesal
",Positif
"
Astra International Rombak Formasi Manajemen, Eks Menkeu Jadi Komisaris!
",Positif
"
Konsumsi Minyak Sawit Lebih Tinggi Dibanding Produksi, Ini Datanya
",Negatif
"
Terungkap Harta Karun RI Rp 48 M Dijarah Penyelundup AS, Akhirnya Dikembalikan!
",Negatif
"
Jumlah Pelanggan Naik, Indosat Cetak Laba Rp 1,29 T di Kuartal I 2024
",Positif
"
Jumbo! Astra International Tebar Dividen Rp 21,01 T
",Positif
"
Kehadiran Listrik PLN Genjot Produktivitas Pertanian di Ponorogo
",Positif
"
Jokowi Buka Suara soal AHY Gebuk Mafia Tanah
",Netral
"
Jokowi Bagi-bagi 10 Ribu Sertifikat Tanah Bekas Hutan-HGU di Banyuwangi
",Netral
"
BI Rate Jadi 6,25%, Bunga Kredit Bank Mandiri Ikut Naik?
",Negatif
"
Brantas Abipraya Dukung Pembangunan IKN Lewat Proyek Sumbu Kebangsaan
",Netral
"
Barang Kiriman Tertahan Bea Cukai tapi Nggak Diurus, Gimana Nasibnya?
",Negatif
"
Duit di Toko Barbeque Ini Hilang Rp 100 Juta, Kok Bisa?
",Negatif
"
Menkop UKM Dukung Warung Madura Buka 24 Jam: Itu Keunggulan!
",Positif
"
Pabrik Pupuk Papua Sudah Dibangun, Pupuk Kaltim Jadi IPO?
",Netral
"
Potret Jakarta yang Tak Lagi Ibu Kota, Diproyeksikan Pusat Perdagangan
",Netral
"
Jurus Holding UMi Genjot Inklusi Keuangan dan Pemberdayaan Perempuan
",Positif
"
10 BPR Tutup, LPS Sudah Bayar Klaim Simpanan Nasabah Rp 237 Miliar
",Negatif
"
Banting Setir Jadi Penjual Nasi Uduk, Nasabah Ultra Mikro Ini Selamat dari Pandemi
",Positif
"
Tak Ada Larangan Warung Madura Buka 24 Jam!
",Netral
"
Ini 10 Kota Dengan Jumlah Orang Kaya Terbanyak di Dunia!
",Netral
"
MenPAN-RB Rapat Bareng BKN, Bahas Rekrutmen CPNS-Pemindahan ASN ke IKN
",Netral
"
Bandara Gorontalo Ditutup Sementara Imbas Erupsi Gunung Ruang
",Negatif
"
Ada Konflik Israel-Iran, Produksi Pupuk RI Bakal Terganggu?
",Negatif
"
Solusi bagi Generasi Muda Mempersiapkan Warisan
",Netral
"
Bank Mandiri Cetak Laba Rp 12,7 T Kuartal I 2024
",Positif
"
Bank BUMN Geber Kredit buat UMKM, Begini Datanya
",Positif
"
Penunjang Gaya Hidup yang Memadukan Konsep Retro dan Modern
",Netral.
"
Penyaluran Kredit Holding Ultra Mikro Tembus Rp 617,9 T Kuartal I 2024
",Positif
"
Pupuk Kaltim Sebut Program Ini Bikin Pendapatan Petani Kentang Naik 800%
",Positif
"
Elon Musk PHK Pegawai Senior di Tesla
",Negatif
"
Contoh Surat Kuasa Pengambilan Paspor, Ambil Paspor Bisa Diwakilkan
",Netral
"
Wamen BUMN Buka-bukaan Nasib Proyek Terbesar Sepanjang Sejarah RI Rp 1.300 T
",Netral
"
Karya Nyata Fest Vol 6. di Pekanbaru Catatkan Transaksi hingga Rp 668 Juta
",Positif
"
Sempat Viral Nasabahnya Ngamuk Saat Ditagih, Bos PNM Buka Suara
",Negatif
"
Perusahaan Asuransi Jiwa Masih Tumbuh Double Digit
",Positif
"
Berapa Gaji Pegawai Bea Cukai?
",Netral
"
Pengumuman! Mulai Besok Harga Bioetanol Naik Jadi Rp 14.528/Liter
",Negatif
"
Ada Gelaran Pasar Rakyat RI di Afrika Selatan, Begini Potretnya
",Netral
"
Kondisi Kota di Meksiko Setelah 6 Bulan Lalu Dihantam Badai Mematikan
",Negatif
"
Terus Melonjak, Harga Saham BRI (BBRI) Rp 5.025 per Unit
",Positif
"
BSI Cetak Laba Rp1,71 Triliun
",Positif
"
Smelter Freeport Ditarget Operasi Mei, Produksi 50 Ton Emas Batangan/Tahun
",Positif
"
Jaga Kesehatan BUMN, Erick Thohir Siapkan Dokumen Transisi buat Prabowo-Gibran
",Netral
"
Strategi ESDM Jaga Pasokan BBM RI di Tengah Konflik Timur Tengah
",Netral
"
Pendapatan Turun, Emiten Bus Listrik Bakrie Beberkan Penyebabnya
",Negatif
"
Wamen BUMN Ungkap Jurus Cegah 'Bom' Jiwasraya & Garuda Terulang
",Negatif
"
Bisnis Pinjaman GoTo Financial Melesat, Capai Rp 2,7 T di Q1 2024
",Positif
"
Simak! Ini Alasan Bandara Soekarno-Hatta Perlu Cek Barang Bawaan Penumpang
",Netral
"
Momen Pertemuan Jokowi dan Bos Microsoft Bahas Pengembangan AI di RI
",Netral
"
Holding Ultra Mikro Pastikan Tak Ada Kenaikan Bunga Kredit
",Positif
"
Stok Pupuk Subsidi Aman Jelang La Nina, 379 Ribu Ton Siap Tebus
",Positif
"
Erick Thohir Target Masalah Waskita-Indofarma Beres di Oktober 2024
",Positif
"
Microsoft Mau Investasi Rp 27,2 T di RI Selama 4 Tahun, buat Apa Aja?
",Positif
"
Percepat Pembangunan LRT Fase 1B, Waskita Angkat Balok Girder Pertama
",Netral
"
RI Buka Peluang Kerja Sama dengan Ukraina di Bidang Pertanian
",Positif
"
Bandara Sam Ratulangi Ditutup Imbas Erupsi Gunung Ruang, 18 Penerbangan Dibatalkan
",Negatif
"
Airlangga Temui Mendag Inggris, Bahas Kerja Sama di Sektor Ini
",Netral
"
Sri Mulyani Beberkan Jurus Jaga Ekonomi RI Nggak Anjlok dari 5%
",Positif
"
Garudafood Bagikan Dividen Rp 331,92 Miliar
",Positif
"
Dukung UMKM Lewat Layanan Digital
",Positif
"
Naik KRL Yogya-Solo Bisa Lanjut Gojek Sekali Klik, Ini Caranya
",Netral
"
RI Mau Genjot Kerja Sama Pertanian dengan Yordania, Begini Caranya
",Netral
"
Sembunyikan Uang Rp 5,3 M di Bantal, Orang Ini Diperiksa Bea Cukai
",Negatif
"
Apresiasi Agen Berprestasi, Avrist Assurance Gelar Annual Award Night
",Positif
"
Indonesia Gandeng Iran Geber Produktivitas Pangan
",Netral
"
KFC Malaysia Tutup 100 Gerai Imbas Aksi Boikot Produk Pro Israel
",Negatif
"
Kredit UMKM Bank DKI Naik Jadi Rp 5,2 Triliun di Kuartal I-2024
",Positif
"
Harga Pangan Sempat Naik, Mendag Upayakan saat Idul Adha Stabil
",Netral
"
Harga Minyak Dunia Mulai Turun!
",Positif
"
Perusahaan Arab Saudi Garap Pembangkit Listrik Hijau di IKN
",Netral
"
3 Hal Ini Bisa Bikin Pengendara Kena Denda di Jalan Tol
",Negatif
"
Bank Danamon Cetak Laba Rp 831 M di Kuartal I-2024
",Positif
"
Ada Program Prabowo-Gibran, Pemerintah Mudahkan Pendaftaran Produk Susu
",Netral
"
CEO Microsoft Tinggalkan Istana Usai Bertemu Jokowi Bahas Investasi AI
",Netral
"
Jokowi Minta Pusat Riset Microsoft Asia Pasifik Dibikin di RI
",Positif
"
Kenapa Dolar AS Jadi Patokan Mata Uang Dunia? Ini Alasannya
",Netral
"
Usai Temui Jokowi, Bos Microsoft Komitmen Telurkan 840 Ribu Ahli AI di RI
",Positif
"
Heboh Warung Madura Dilarang Buka 24 Jam, Zulhas Respons Begini
",Negatif
"
Bamsoet Dukung Rencana Lemigas-Konsorsium Korea Bangun LNG Center di RI
",netral
"
Tuntutan Pengusaha Terigu Dikabulkan, Impor Bahan Baku Tak Lagi Masuk Lartas!
",Positif
"
DHL Ungkap Akhir Kisah Viral Sepatu Impor Rp 10 Juta Kena Denda Rp 31 Juta
",Negatif
"
Dolar AS Makin Perkasa Pagi Ini di Rp 16.264
",Negatif
"
Begini Ramalan Industri Digital di Era Prabowo-Gibran
",Netral
"
Mendag Zulhas Sidak Pasar Palmerah: Ayam Murah-Gula Masih Mahal
",Netral
"
IHSG Ngegas, Dibuka di Zona Hijau!
",Positif
"
Menkominfo Sebut Microsoft Mau Kembangkan AI di RI
",Netral
"
Bos Microsoft Temui Jokowi, Bakal Investasi Rp 14 T?
",Positif
"
Potret CEO Microsoft Tiba di Istana Negara, Siap Temui Jokowi
",Netral
"
Tok! Bawa Sepatu hingga Tas dari Luar Negeri Tak Lagi Dibatasi
",Netral
"
Bos Microsoft Tiba di Istana Temui Jokowi
",Netral
"
Rencana 50.000 Buruh Kepung Dekat Istana Minta Omnibus Law Dicabut
",Negatif
"
5 Perusahaan Vietnam Minat Investasi Lobster di RI
",Positif
"
Blusukan ke Pasar Palmerah, Zulhas: Ayam Terlalu Murah, Gula Mahal!
",Negatif
"
Sedihnya Pedagang Kramat Jati Buang Puluhan Ton Pepaya dan Rugi Ratusan Juta
",Negatif
"
Kala UKM Indonesia Naik kelas Go Internasional
",Positif
"
Isi Pertemuan PM Singapura dengan Jokowi dan Prabowo: Ekspor Listrik-IKN
",Netral
"
Viral Bea Masuk Barang Tinggi, Komisi XI DPR Akan Panggil Bea Cukai-Menkeu
",Negatif
"
Bahlil Sebut Sukanto Tanoto Investasi di IKN Tahun Ini, Lahannya Disiapkan
",Positif
"
Akhir Kehebohan Alat Belajar SLB yang Viral Ditagih Bea Cukai Ratusan Juta
",Negatif
"
Rencana Freeport Nambang di Papua sampai 2061 Bakal Mulus
",Positif
